Name,price
Nike Running React Miler trainers in off white,£114.95
Nike Air Force 1 '07 Revival recycled jersey trainers in white,£94.95
Nike Training Air Zoom SuperRep 2 in trainers black and grey,£104.95
Nike Training Air Zoom SuperRep 2 trainers in blue,£104.95
Nike Air Zoom-Type in 3M,£139.95
Nike Running Zoom Fly 3 trainers in black and white,£139.95
Nike Training Air Zoom SuperRep 2 trainers in black and white,£104.95
Nike Running Renew Run 2 trainers in triple navy and blue,£79.95
Nike Air Max 95 NRG recycled jersey trainers in white,£159.95
Nike Running Wildhorse 6 trainers in rust,£104.95
Nike Training SuperRep go trainers in black,£89.95
Nike Running Air Zoom Pegasus 37 trainers in purple,£104.95
Nike Dbreak-Type SE trainers in navy and orange,£89.95
Nike Air Max 90 Revival trainers in white,£119.95
Nike Running React Miler Shield trainers in grey,£124.95
Nike Running Air Zoom Pegasus 37 trainers in black/white,£105.00
Nike Air Max 2090 trainers in white,£129.95
Nike SB Charge canvas trainers in white,£49.95
Nike Blazer Mid '77 trainers in white/light bone,£89.95
Nike SB Charge canvas trainers in black/white,£49.95
Nike Running Flex Experience RN9 trainers in black/white,£59.95
Nike Running Juniper Trail trainers in black,£69.95
Nike Challenger OG trainers in light grey,£79.95
Nike Challenger OG trainers in black,£79.95
Nike Training Metcon trainers in black,£114.95
Nike React Vision trainers in light orewood brown,£114.95
Nike Air Vapormax 2020 Flyknit trainers in stone blue/deep royal,£189.95
Nike SB Charge Suede trainers in black/white,£52.95
Nike Training Renew Retaliation trainers in black,£67.95
Nike Training Air Max Alpha trainers in black,£69.95
Nike Skyve Max trainers in particle grey,£104.95
Nike Court Vintage Premium trainers in white/gum,£67.95
Nike Air Max 2090 trainers in vast grey,£129.95
Nike Squash-Type trainers in white/red,£79.95
Nike Squash-Type trainers in white/orange,£79.95
Nike Air Max 2090 ES trainers in white/total orange,£129.95
Nike D/MS/X Waffle trainers in forest green,£89.95
Nike Air Max 2090 trainers in black,£129.95
Nike Training Air Zoom SuperRep trainers in black,£104.95
Nike Jordan Max Aura trainers in triple white,£104.95
Nike Running renew trainers in black,£79.95
Nike Blazer Mid '77 suede trainers in black,£89.95
Nike Air Force 1 React trainers in white/pure platinum,£104.95
Nike Training Air Zoom SuperRep trainers in off white and red,£105.00
Nike Training Free Metcon 3 trainers in grey,£104.95
Nike Running Air Zoom Pegasus 37 trainers in black/grey,£104.95
Nike SB Chron SLR suede trainers in off white/gum,£57.95
Nike Blazer Mid '77 trainers in white/sail/platinum,£89.95
Nike Air Max 97 trainers in triple white,£149.95
Nike Air Vapormax 2020 Flyknit trainers in triple black,£189.95
Nike SB Charge Suede trainers in navy/white,£52.95
Nike Air Force 1 '07 LV8 2FA20 trainers in white,£89.95
Nike Zoom 2K trainers in triple black,£79.95
Nike Running Pegasus Trail 2 trainers in yellow,£114.95
Nike Running Air Zoom Winflo 7 trainers in Black,£89.95
Nike Training Metcon 6 trainers in grey,£114.95
Nike Running Air Zoom Pegasus 37 trainers in red,£104.95
Nike Air Vapormax 2020 Flyknit trainers in team red/gym red,£189.95
Nike Air Max 97 WE trainers in black,£149.95
Nike Running Pegasus Turbo trainers in black,£159.95
Nike Air Zoom-Type SE trainers in triple black,£129.95
Nike Air Vapormax 360 trainers in grey,£161.95
Nike Air Max 720-818 trainers in smoke grey,£111.95
Nike Running Joyride Run trainers in black,£144.00
Nike Air Force 1 Flyknit 2.0 trainers in red,£71.95
Nike React Vision WW trainers in white,£74.70
Nike Jordan Mars 270 Low trainers in black/gold,£103.95
Nike Running Zoom Gravity trainers in triple black,£71.95
Nike SB Chron Solarsoft suede mix trainers in black/red,£32.95
Nike React Element 55 trainers in sail,£91.95
Nike Running Zoom Gravity trainers in white,£80.95
Nike Air Tailwind '79 trainers in black and grey,£51.95
Nike SB Zoom Janoski Premium Flyleather trainers in light grey,£40.10
Nike Air Max 90 WW trainers in black,£103.45
Nike SB Chron SLR trainers in all over print,£47.95
Nike Training Renew Fusion trainers in navy,£59.95
Nike Challenger OG trainers in university red/coastal blue,£63.95
Nike Air Max 95 SE WW trainers in black,£90.95
Nike Running Renew Run trainers in white,£63.95
Nike Training Metcon 6 trainers with gum sole in black,£45.95
Nike SB Charge suede trainers in grey/off white,£38.10
Nike SB Zoom Janoski Remastered Sashiko suede trainers in khaki,£53.95
Nike Training Air Zoom SuperRep trainers in blue,£57.70
Nike SB Team Classic trainers in grey/gum,£54.35
Nike Running Quest 2 trainers in triple black,£61.20
Nike Renew Lucent trainers in white & black,£46.40
Nike SB Adversary trainers in healing orange,£50.95
Nike Court Royale AC trainers black & white,£30.40
Nike Explore strada trainers in summit white & black,£38.40
Nike Air Max Vapour wing trainers in black,£41.60
Nike Renew Lucent trainers in white university red &blue,£42.00
Nike Air Max Command in platinum tint & red,£45.60
Nike Court Vision Low Premium in trainers black & white,£20.80
Nike Air Max wildcard HC in white and blue,£44.80
Nike Air Max 270 React in black and red,£112.00
Nike Air Vapormax 360 in black and silver,£144.00
Nike Court Vision Mid in white,£54.00
Nike Air Max Invigor trainers in white and black,£64.00
Nike Renew Lucent trainers in black & white,£58.00
Nike Renew Lucent trainers in black & white,£40.30
Nike Air Max excee in black,£78.00
Nike Court Lite 2 Tennis Shoe in grey/blue,£38.00
Nike Air Max 270 React trainers in black,£112.00
Nike Court Vision trainers in white with yellow swoosh,£54.00
Nike Wear all day trainers in grey,£48.00
Nike Joyride Flyknit trainers in black,£128.00
Nike Air Max 90 trainers in white and red,£92.00
Nike Air Zoom SuperRep in blue,£85.00
Nike React Element 55 Trainers in Grey Blue,£86.00
Nike Running Quest 2 trainers in grey,£48.95
Nike Air Max Tailwind IV trainers in white,£80.60
Nike Running Joyride 2 pod trainers in black,£82.80
Nike Drop-Type trainers in white,£41.30
Nike Air Max 270 React trainers in black/sand,£73.65
Nike Air Max 720-818 trainers in triple black,£111.95
Nike Tailwind '79 trainers in orange/red,£57.55
Nike Running Renew Arena 2 trainers in triple black,£45.50
Nike Training SuperRep Go trainers in grey,£72.00
Nike Running Pegasus 36 trail trainers,£103.50
Nike SB Team Classic trainers in off/white,£51.95
Nike SB Team Classic trainers in black/off white,£35.45
Nike SB Zoom Janoski canvas trainers in white/red,£43.80
Nike Training Flex Control TR4 trainers in black and pink,£52.00
Nike Running Renew Ride trainers in navy,£51.95
Nike SB Adversary trainers in white/black,£59.95
Nike Air Force 1 Flyknit 2.0 trainers in black,£67.95
Nike SB Charge canvas trainers in grey/white,£35.95
Nike SB Adversary trainers in navy,£53.95
Nike Air Max 90 trainers in white/grey,£74.70
Nike Dbreak-Type trainers in barely volt/black,£57.55
Nike Air Max 2090 trainers in grey/white,£75.10
Nike SB Charge Canvas trainers in white,£45.00
Nike Running Renew Run SE trainers in black,£64.00
Nike SB Charge Canvas trainers in khaki,£40.00
Nike Blazer Low Leather trainers in white/black,£57.55
Nike Running Air Zoom Pegasus 36 Trail trainers in green,£92.00
Nike Air Vapormax 360 trainers in white,£125.95
Nike Running Quest 2 trainers in grey,£54.35
Nike Training Renew Fusion trainers in black/green,£59.95
Nike SB Team Classic trainers in navy/gum,£48.90
Nike Running React Miler trainers in grey,£91.95
Nike Air Tailwind '79 trainers in white,£63.95
Nike Air Max 90 Flyease trainers in white,£80.45
Nike Training Renew Fusion trainers in white and pink,£60.00
Nike Training SuperRep Go trainers in Black,£72.00
Nike Air Max 2090 trainers in white/black/volt,£71.45
Nike SB Zoom Janoski Premium leather trainers in triple white,£55.95
Nike Tailwind '79 SE trainers in blue,£71.95
Nike Running Run All Day 2 trainers in black,£41.95
Nike SB Charge canvas trainers in midnight navy,£39.95
Nike Tailwind '79 SE trainers in light khaki,£71.95
Nike Training Varsity Compete 3 trainers in triple black,£51.95
Nike Running Flex Experience RN9 trainers in triple black,£47.95
Nike Blazer Low Leather trainers in triple white,£46.75
Nike Air Max 270 React Engineered trainers in blue,£94.45
Nike Training Air Max Alpha 2 trainers in triple black,£56.00
Nike Running Run All Day trainers in black and red,£47.95
Nike Running Downshifter trainers in grey,£43.95
Nike Ghost Racer trainers in white/pure platinum,£47.20
Nike Training Air Zoom SuperRep trainers in grey,£83.95
Nike Air Vapormax 2020 Flyknit trainers in iron grey,£75.95
Nike Air Max 2090 trainers in white/aqua,£77.95
Nike Running Air Zoom Pegasus Shield trainers in black,£91.95
Nike Running Air Zoom Structure trainers in black/orange,£83.95
Nike Training Air Zoom SuperRep trainers in yellow,£83.95
Nike SB Charge Solarsoft canvas trainers in beige,£34.95
Nike Classic Cortez nylon trainers in black 819720-011,£56.00
Nike Running Renew Arena 2 trainers in black and white,£43.85
Nike Training Air Zoom SuperRep trainers in triple black,£83.95
Nike SB Zoom Janoski Premium canvas trainers in triple white,£50.35
Nike Squash-Type trainers in white/platinum,£57.55
Nike Air Max 90 Flyease trainers in triple black,£103.45
Nike Court Vintage Premium leather trainers in white/platinum tint,£44.00
Nike Running Renew Ride trainers in black,£37.50
Nike Running Quest 2 trainers in black,£61.15
Nike Air Max 2090 CL trainers in white/turquoise,£93.55
Nike Running renew trainers in black/white,£46.75
Nike Squash-Type trainers in pure platinum/wolf grey,£40.40
Nike Dbreak-Type mesh trainers in white,£43.95
Nike Daybreak-Type SE recycled canvas trainers in grey,£49.45
Nike Cortez recycled canvas trainers in grey,£63.95
Nike SB Zoom Janoski Remastered '64 Tokyo canvas trainers in off white/multi,£45.45
Nike Daybreak-Type mesh trainers in red,£51.95
Nike Air Max 2090 trainers in white/volt,£87.70
Nike Cortez leather trainers in white 749571-100,£65.00
Nike Air Max 95 leather trainers in white,£129.95
Nike Air Force 1 '07 Trainers In Black,£89.95
Nike Training Legend trainer in black,£54.95
Nike SB Team Classic trainers in off white/red,£65.00
Nike Air Force 1 '07 trainers in black,£89.95
Nike Blazer Mid '77 suede trainers in grey,£89.95
Nike Air Zoom-Type trainers in black,£129.95
Nike Blazer Mid '77 trainers in white/red,£89.95
Nike React Element 55 trainers in stone/cerulean,£114.95
Nike Air Force 1 '07 Brick trainers in white/black,£89.95
Nike Air Max 270 Trainers In White AH8050-100,£119.95
Nike Air Force 1 '07 Trainers In White,£89.95
Nike Court Vintage Premium leather trainers in white,£67.95
Nike Training SuperRep Go trainers in white,£89.95
Nike Blazer Mid '77 Vintage colourblock trainers in white/multi,£89.95
Nike Running downshifter trainers in white,£54.95
Nike Running Joyride Dual Run trainers in white,£114.95
Nike Blazer Low Leather trainers in white/black,£79.95
Nike Dbreak-Type trainers in khaki,£79.95
Nike Air Max 90 trainers in white/black,£114.95
Nike Blazer Mid '77 Vintage SE glow in the dark trainers in black,£89.95
Nike Air Force 1 '07 Brick trainers in white/pink,£84.95
Nike Training Air Max Alpha trainers in grey,£69.95
Nike Training SuperRep Go trainer in White,£89.95
Nike Running Renew Ride trainers in navy,£64.95
Nike Running Quest 3 trainers in triple black,£67.95
Nike Running Downshifter 10 trainers in black and white,£54.95
Nike Air Force 1 '07 LV8 Revival 2 trainers in white,£94.95
Nike SB Charge in black,£50.00
Nike Zoom 2K trainers in black and white,£80.00
Nike Air Max 270 trainers in triple black AH8050-005,£119.95
Nike Air Max 90 Recraft trainers in black/grey,£114.95
Nike Cortez leather trainers in white with black swoosh,£74.95
Nike Air Force 1 '07 trainers in white,£89.95
Nike Court Vintage Premium leather trainers in black,£67.95
Nike Air Max 97 trainers in triple black,£149.95
Nike Tailwind '79 trainers in black/white,£80.00
Nike Running React Miler trainers in black,£114.95
Nike Blazer Mid '77 Vintage trainers in white/pink,£89.95
Nike Squash-Type trainers in white,£79.95
Nike Air Max 270 trainers in black,£119.95
Nike Running Wildhorse 6 trainers in orange,£104.95
Nike Air Max 90 trainers in black,£124.95
Nike React Vision Premium 3M trainers in anthracite,£124.95
Nike Air Vapormax 2020 Flyknit trainers in black,£189.95
Nike React Vision trainers in black,£114.95
Nike Air Presto trainers in black/white,£104.95
Nike SB Zoom Janoski Remastered suede trainers in dusty yellow,£69.95
Nike Cortez leather trainers in white with red swoosh,£74.95
Nike Air Max 90 Recraft trainers in triple white,£114.95
Nike Blazer Mid '77 trainers in white/black,£90.00
Nike Air Max 90 Recraft trainers in triple black,£114.95
Nike Air Max 2090 trainers in white,£129.95
Nike Air Max 2090 trainers in black,£129.95
Nike Air Max 95 trainers in triple black,£144.95
Nike Cortez leather trainers in black,£74.95
Nike Air Tailwind '79 trainers in black,£79.95
Nike Training Metcon 6 trainers in stone,£114.95
Nike Blazer Mid '77 Vintage trainers in black,£89.95
Nike Air Tailwind '79 trainers in mystic dates,£79.95
Nike Air Max 2090 SE 3M trainers in anthracite,£129.95
Nike D/MS/X Waffle trainers in matra orange,£89.95
Nike D/MS/X Waffle trainers in black,£89.95
Nike Exosense Trainer in triple black,£109.95
Nike Air Vapormax 2020 Flyknit trainers in black/white,£189.95
Nike Blazer Mid '77 Infinite trainers in white,£94.95
Nike Running Quest 3 Shield trainers in black,£69.95
Nike Squash Type trainers in triple black,£79.95
Nike DBreak-Type trainers in black,£79.95
Nike Air Max 95 Essential in white,£139.95
Nike Training Air Zoom SuperRep trainer in Black,£104.95
Nike Training SuperRep go trainers in blue,£89.95
Nike Blazer Mid '77 suede trainers in light brown,£89.95
Nike Blazer Mid '77 Infinite trainers in deep royal blue,£94.95
Nike Jordan Mars 270 mid trainers in black and orange,£129.95
Nike Training Free Metcon 3 Trainers in Black,£104.95
Nike Air Force 1 '07 2H020 3M trainers in black,£89.95
Nike SB Charge Suede trainers in chutney,£52.95
Nike Air Zoom-Type SE trainers in grey,£129.95
Nike Running Quest 3 trainers in black,£67.95
Nike Blazer Low leather trainers in white/green,£79.95
Nike Blazer Mid '77 Revival recycled jersey trainers in grey,£94.95
Nike Air Max 90 trainers in rugged orange,£119.95
Nike Training SuperRep Surge trainers in black,£114.95
Nike Air Max 270 essential trainers in black,£129.95
Nike Training Legend trainer in black,£54.95
Nike Training SpeedRep trainers in black and white,£74.95
Nike Air Force 1 '07 AN21 trainers in light bone,£89.95
Nike squash type trainers in sail and iced lilac,£79.95
Nike Cross Trainer Low trainers in white/light smoke,£69.95
