name,price,stock
2021 Toyota Corolla LE," $20,579",MP170769
2021 Toyota Corolla SE," $22,578",MJ058875
2021 Toyota Corolla LE," $20,579",MJ140133
2021 Toyota Corolla LE," $20,579",MP170660
2021 Toyota Corolla LE," $20,579",MP169864
2021 Toyota Corolla LE," $20,565",MP162220
2021 Toyota Corolla LE," $20,545",MP163229
2021 Toyota Corolla LE," $20,333",MJ128305
2021 Toyota Corolla SE," $22,587",MP069380
2021 Toyota Corolla LE," $20,484",MP163079
2021 Toyota Corolla LE," $20,476",MJ157036
2021 Toyota Corolla LE," $20,475",MJ150572
2021 Toyota Corolla SE," $22,553",MP060251
2021 Toyota Corolla LE," $20,476",MJ158253
2021 Toyota Corolla LE," $20,392",MJ142935
2021 Toyota Camry LE," $26,224",MU538531
2021 Toyota Corolla Hatchback XSE," $26,570",M3109692
2021 Toyota Corolla SE," $22,594",MP065066
2021 Toyota Corolla SE," $23,636",MP066780
2021 Toyota C-HR Nightshade," $24,872",M1101322
2021 Toyota Corolla Hybrid LE," $23,537",MJ020088
2021 Toyota Corolla APEX SE," $25,079",MP067059
2021 Toyota Prius LE," $25,901",M3137493
2021 Toyota Corolla Nightshade," $23,132",MP075535
2021 Toyota Corolla Hybrid LE," $23,433",MJ017186
2021 Toyota Corolla Nightshade," $23,193",MP065594
2021 Toyota Corolla Hybrid LE," $23,432",MJ017862
2021 Toyota Corolla Hybrid LE," $23,432",MJ018404
2021 Toyota Corolla SE," $22,648",MP064971
2021 Toyota Corolla Nightshade," $23,231",MP071026
2021 Toyota RAV4 LE," $28,826",MW164396
2021 Toyota Prius 20th Anniversary Edition," $30,153",M3129242
2021 Toyota RAV4 XLE," $30,811",MC174352
2021 Toyota RAV4 XLE," $31,221",MD077734
2021 Toyota Prius XLE," $29,931",M3022637
2021 Toyota Prius XLE," $29,869",M3024708
2021 Toyota Rav4 Hybrid le," $30,815",MU011695
2021 Toyota RAV4 XLE," $29,758",MC177743
2021 Toyota RAV4 LE," $29,333",MC160646
2021 Toyota Prius 20th Anniversary Edition," $30,208",M3128052
2021 Toyota RAV4 LE," $29,333",MC161684
2021 Toyota RAV4 LE," $29,333",MC168135
2021 Toyota RAV4 LE," $29,333",MC154016
2021 Toyota RAV4 LE," $29,258",MC171863
2021 Toyota RAV4 LE," $28,826",MC161891
2021 Toyota Camry SE," $31,292",MU536719
2021 Toyota Venza LE," $33,586",MJ021194
2021 Toyota Venza LE," $33,586",MJ021385
2021 Toyota Camry Hybrid SE," $32,988",MU549173
2021 Toyota Venza LE," $33,585",MJ011814
2021 Toyota Camry Hybrid SE," $32,988",MU547357
2021 Toyota Venza LE," $33,586",MJ021669
2021 Toyota Rav4 Hybrid xle," $32,974",MU41I465
2021 Toyota RAV4 XLE," $31,971",MC158970
2021 Toyota Rav4 Hybrid xle," $32,065",MD017135
2021 Toyota RAV4 XLE," $31,937",MD077323
2021 Toyota RAV4 XLE," $31,732",M145GE40
2021 Toyota RAV4 XLE," $31,971",MD531675
2021 Toyota RAV4 XLE," $31,838",MC173845
2021 Toyota RAV4 XLE," $31,790",MD076258
2021 Toyota Venza LE," $33,605",MJ008256
2021 Toyota Rav4 Hybrid xse," $36,025",MW006294
2021 Toyota Sienna LE," $36,004",MS010921
2021 Toyota Rav4 Hybrid xle premium," $35,893",MD015457
2021 Toyota Camry Hybrid XLE," $36,173",MU022055
2021 Toyota Tacoma SR5 Access Cab 6' Bed V6 AT," $36,049",MT016974
2021 Toyota Rav4 Hybrid xse," $35,837",MW008081
2021 Toyota Rav4 Hybrid xse," $36,094",MW010049
2021 Toyota Camry TRD V6," $35,653",MU050345
2021 Toyota RAV4 XLE Premium," $34,047",MW170981
2021 Toyota RAV4 XLE Premium," $34,722",MD075902
2021 Toyota Avalon XLE," $34,509",MU057985
2021 Toyota Camry Hybrid XSE," $35,532",MU020510
2021 Toyota Tacoma SR Double Cab 5' Bed V6 AT," $34,291",MM395608
2021 Toyota Avalon XLE," $35,293",MU059162
2021 Toyota Avalon Hybrid XSE," $37,820",MU002834
2021 Toyota Tacoma SR5 Double Cab 5' Bed V6 AT," $37,896",MT019462
2021 Toyota RAV4 TRD Off Road," $37,948",MW171214
2021 Toyota Avalon Hybrid XSE," $37,771",MU003292
2021 Toyota Venza XLE," $37,430",MJ012630
2021 Toyota Tacoma SR5 Double Cab 5' Bed V6 AT," $37,970",MT37B273
2021 Toyota Venza XLE," $37,430",MJ016356
2021 Toyota Venza XLE," $37,430",MJ015826
2021 Toyota Camry XSE," $36,973",MU023998
2021 Toyota Avalon Hybrid XLE," $36,705",MU002794
2021 Toyota Camry XSE," $37,051",MU412883
2021 Toyota Avalon Hybrid XLE," $36,762",MU003490
2021 Toyota Venza XLE," $37,355",MJ019527
2021 Toyota Rav4 Hybrid xle premium," $36,480",MU008017
2021 Toyota Avalon Hybrid XLE," $36,433",MU002788
2021 Toyota Highlander LE," $38,086",MS45G787
2021 Toyota RAV4 Limited," $39,156",MD077272
2021 Toyota Tacoma TRD Sport Double Cab 5' Bed V6 AT," $39,093",MM393499
2021 Toyota Rav4 Hybrid xse," $38,728",MU028170
2021 Toyota Venza XLE," $39,181",MJ023511
2021 Toyota Tacoma TRD Sport Access Cab 6' Bed V6 AT," $38,656",MT017608
2021 Toyota Rav4 Hybrid xse," $38,693",MU025782
2021 Toyota Sienna LE," $38,364",MS001947
2021 Toyota Highlander LE," $38,415",MS528266
2021 Toyota Rav4 Hybrid xse," $38,553",MU025465
2021 Toyota Rav4 Hybrid xse," $38,693",MU026098
2021 Toyota Tacoma TRD Off Road Double Cab 5' Bed V6 AT," $39,252",MM393594
2021 Toyota Rav4 Hybrid xse," $38,694",MD509937
2021 Toyota Rav4 Hybrid xse," $38,203",MD509715
2021 Toyota Venza XLE," $39,181",MJ021265
2021 Toyota Venza XLE," $39,255",MJ017154
2021 Toyota Venza Limited," $41,207",MJ017302
2021 Toyota Highlander XLE," $40,643",MS528453
2021 Toyota Venza Limited," $40,930",MJ021451
2021 Toyota Venza Limited," $41,090",MJ023679
2021 Toyota Tundra SR Double Cab 6.5' Bed 5.7L," $40,287",MX46C623
2021 Toyota Highlander XLE," $40,643",MS528402
2021 Toyota Tacoma TRD Off Road Double Cab 5' Bed V6 AT," $39,390",MM389189
2021 Toyota Venza XLE," $39,633",MJ012815
2021 Toyota Highlander XLE," $40,685",MS527582
2021 Toyota Highlander XLE," $40,685",MS528507
2021 Toyota Venza XLE," $39,916",MJ008513
2021 Toyota Tacoma TRD Off Road Double Cab 5' Bed V6 AT," $39,537",MM393680
2021 Toyota Rav4 Hybrid limited," $41,232",MU025159
2021 Toyota Tacoma TRD Sport Double Cab 5' Bed V6 AT," $39,854",MM394569
2021 Toyota Avalon Touring," $41,990",MU058365
2021 Toyota Venza Limited," $41,736",MJ022123
2021 Toyota Avalon Touring," $41,612",MU058231
2021 Toyota Highlander Hybrid XLE," $42,584",MS524621
2021 Toyota Avalon Touring," $41,813",MU056473
2021 Toyota 4Runner SR5 Premium," $41,561",M5856892
2021 Toyota Venza Limited," $41,468",MJ022849
2021 Toyota Avalon Touring," $41,612",MU057191
2021 Toyota Highlander Hybrid XLE," $42,682",MS516389
2021 Toyota Highlander XSE," $42,558",MS076856
2021 Toyota Highlander XLE," $41,569",MS079977
2021 Toyota Venza Limited," $41,477",MJ006490
2021 Toyota Avalon Touring," $41,612",MU057905
2021 Toyota Venza Limited," $41,477",MJ013261
2021 Toyota Avalon Limited," $41,252",MU001558
2021 Toyota Highlander Hybrid XLE," $43,930",MS028829
2021 Toyota Highlander Hybrid XLE," $43,888",MS524483
2021 Toyota Highlander XSE," $44,226",MS073203
2021 Toyota Tacoma TRD Sport Double Cab 5' Bed V6 AT," $44,077",MT018545
2021 Toyota Tacoma TRD Sport Double Cab 5' Bed V6 MT," $43,590",MT018078
2021 Toyota Highlander Limited," $45,050",MS081266
2021 Toyota Highlander Hybrid XLE," $43,503",MS518221
2021 Toyota Tacoma TRD Sport Double Cab 6' Bed V6 AT," $44,710",MT001137
2021 Toyota 4Runner TRD Off Road Premium," $44,555",M5863109
2021 Toyota Highlander XSE," $42,763",MS063594
2021 Toyota Highlander XSE," $42,936",MS079170
2021 Toyota Tacoma TRD Off Road Double Cab 5' Bed V6 AT," $43,631",MX256477
2021 Toyota Sienna XLE," $43,234",MS007656
2021 Toyota Highlander XSE," $42,829",MS080042
2021 Toyota Avalon Hybrid Limited," $42,949",MU001282
2021 Toyota Highlander Hybrid Limited," $47,564",MS029209
2021 Toyota 4Runner Limited," $47,124",M5883164
2021 Toyota Highlander Hybrid Limited," $47,564",MS523444
2021 Toyota 4Runner Limited," $47,502",M5882221
2021 Toyota 4Runner Limited," $47,036",M139GG39
2021 Toyota Tundra SR5 Double Cab 6.5' Bed 5.7L," $46,678",MX992310
2021 Toyota Sienna XLE," $45,170",MS007170
2021 Toyota Highlander Hybrid Limited," $47,564",MS523082
2021 Toyota Tundra SR5 Double Cab 6.5' Bed 5.7L," $46,861",MX988498
2021 Toyota Highlander Limited," $45,985",MS081702
2021 Toyota Highlander Hybrid Limited," $46,629",MS522911
2021 Toyota Sienna XSE," $45,769",MS007035
2021 Toyota Highlander Limited," $45,763",MS082354
2021 Toyota Highlander Limited," $45,607",MS082093
2021 Toyota Sienna XLE," $45,374",MS006251
2021 Toyota Highlander Hybrid Platinum," $49,876",MS015447
2021 Toyota Sienna Limited," $52,887",MS007147
2021 Toyota Tundra 1794 Edition CrewMax 5.5' Bed 5.7L," $55,067",MX982797
2021 Toyota Highlander Hybrid Platinum," $50,140",MS032078
2021 Toyota Sienna Limited," $51,810",MS006686
2021 Toyota Tundra Limited Double Cab 6.5' Bed 5.7L," $49,181",MX47E591
2021 Toyota Highlander Hybrid Limited," $47,942",MS030182
2021 Toyota Highlander Hybrid Platinum," $50,140",MS028960
2021 Toyota Highlander Hybrid Platinum," $49,762",MS024445
2021 Toyota Highlander Hybrid Limited," $48,053",MS521727
2021 Toyota Highlander Platinum," $48,273",MS079935
2021 Toyota 4Runner Nightshade," $47,738",M5881661
2021 Toyota Highlander Hybrid Limited," $47,942",MS521790
2021 Toyota Highlander Platinum," $48,954",MS080308
2021 Toyota 4Runner Nightshade," $48,748",M5863322
2021 Toyota Tundra Platinum CrewMax 5.5' Bed 5.7L," $55,102",MX984015
2021 Toyota Tundra 1794 Edition CrewMax 5.5' Bed 5.7L," $56,520",MX989463
